"name","title","author","year","abstract","cite","type","studies","url","doi","study"
3485,"The Vocabulary and Overclaiming Test (VOC-T)","Matthias Ziegler, Christoph Kemper, Beatrice Rammstedt",2013,"The present research aimed at constructing a questionnaire measuring overclaiming tendencies (VOC-T-bias) as an indicator of self-enhancement. An approach was used which also allows estimation of a score for vocabulary knowledge, the accuracy index (VOC-T-accuracy), using signal detection theory. For construction purposes, an online study was conducted with N = 1,176 participants. The resulting questionnaire, named Vocabulary and Overclaiming – Test (VOC-T) was investigated with regard to its psychometric properties in two further studies. Study 2 used data from a population representative sample (N = 527), and Study 3 was another online survey (N = 933). Results show that reliability estimates were satisfactory for the VOC-T-bias index and the VOC-T-accuracy index. Overclaiming did not correlate with knowledge, but it was sensitive to self-enhancement supporting the construct validity of the test scores. The VOC-T-accuracy index in turn covaried with general knowledge and even more so with verbal knowledge, which also supports construct validity. Moreover, the VOC-T-accuracy index had a meaningful correlation with age in both validation studies. All in all, the psychometric properties can be regarded as sufficient to recommend the VOC-T for research purposes.","Matthias Ziegler, Christoph Kemper, Beatrice Rammstedt. 2013: The Vocabulary and Overclaiming Test (VOC-T). Journal of Individual Differences 34 (1), 32-40","02 SSCI Journal","SOEP Pretest","https://www.researchgate.net/publication/258918629_The_Vocabulary_and_Overclaiming_Test_VOC-T","10.1027/1614-0001/a000093","soep-pretest"
4452,"Are Risk Aversion and Impatience Related to Cognitive Ability?","Thomas Dohmen, Armin Falk, David Huffman, Uwe Sunde",2010,,"Thomas Dohmen, Armin Falk, David Huffman, Uwe Sunde. 2010: Are Risk Aversion and Impatience Related to Cognitive Ability? American Economic Review 100 (3), 1238-1260","02 SSCI Journal","SOEP-Pretest",,,"soep-pretest"
6038,"Measuring the Selection of Pay Referents - A Methodological Analysis of the Questions on Pay Referents in the 2008 and 2009 Pretest Modules","Simone Schneider, Jürgen Schupp",2010,"Income comparisons are among the key mechanisms used to explain satisfaction and happiness, among other outcomes. Yet progress on the questions of who people use as social referents and whether differential selection patterns exist can only be made based on valid and reliable measures of pay referents included in large-scale population surveys. The German Socio-Economic Panel Study (SOEP) is pursuing this task through two questions on pay referents introduced in the 2008 and 2009 pretest modules of the SOEP. This paper analyses the quality of the two questions on pay referents in the 2008 module and discusses potential for improvement through modifications of the questions in the 2009 module. The paper concludes that the difficulties in answering questions on pay referents were not completely overcome in the 2009 pretest. To provide more solid evidence on potential biases in response behavior, the paper suggests the inclusion of reliable instruments for measuring personal dispositions.","Simone Schneider, Jürgen Schupp. 2010: Measuring the Selection of Pay Referents - A Methodological Analysis of the Questions on Pay Referents in the 2008 and 2009 Pretest Modules. DIW Berlin Data Documentation 48. Berlin: DIW Berlin","35 Other DIW Publication","SOEP-Pretest","http://www.diw.de/documents/publikationen/73/diw_01.c.354673.de/diw_datadoc_2010-048.pdf",,"soep-pretest"
6655,"European Integration, Equality Rights and People´s Beliefs: Evidence from Germany","Jürgen Gerhards, Holger Lengfeld",2011,"At the outset, this article describes in detail how the European Union has replaced the nation-state concept of equality with a transnational idea of equality for all European citizens. It then investigates the extent to which German respondents support the idea of non-discrimination between German nationals and other Europeans. The existing literature argues that the process of opening up the borders of the nation-states will challenge the traditional symbolic code of equality held by citizens, and impact negatively on the existing distribution of resources. In particular, those people who lack economic resources and hold more traditional or right wing political orientations are likely to oppose the notion of Europe-wide equality. However, the empirical results show that the majority of the German population supports the idea that citizens from other European countries should enjoy the same rights as nationals. Most of this paper’s hypotheses are either falsified or correlations are rather weak, and these findings bring us to the conclusion that, at least as far as the German population is concerned, there is no evidence for a strong socio-structural or value-orientated cleavage with regard to equal rights for all Europeans.","Jürgen Gerhards, Holger Lengfeld. 2011: European Integration, Equality Rights and People´s Beliefs: Evidence from Germany. European Sociological Review 29 (1), 19-31","02 SSCI Journal","SOEP, Pretest , SOEP-Core","http://www.wiso.uni-hamburg.de/fileadmin/sozialoekonomie/fachgebiete/soziologie/Lengfeld/Working_Papers/HRCS/HRCS_1_2011.pdf","10.1093/esr/jcr036","soep-pretest"
7040,"Impatience among Preschool Children and their Mothers","Fabian Kosse, Friedhelm Pfeiffer",2012,"Using experimental data of children and their mothers, this paper explores the intergenerational relationship of impatience. The child’s impatience stems from a delay of gratification experiment. Mother’s impatience has been assessed by a choice task where the mothers faced trade-offs between a smaller-sooner and a larger-later monetary reward with a delay of six or twelve months. The findings demonstrate an intergenerational relationship in short-run decision making. Controlling for mother’s and child’s characteristics the child’s impatience at preschool age is significantly correlated with the six month maternal reservation interest rate.","Fabian Kosse, Friedhelm Pfeiffer. 2012: Impatience among Preschool Children and their Mothers. Economics Letters 115 (3), 493-495","02 SSCI Journal","SOEP-Pretest","http://www.diw.de/documents/publikationen/73/diw_01.c.394269.de/diw_sp0431.pdf","10.1016/j.econlet.2011.12.115","soep-pretest"
7548,"A Household Study of Self-Regulation in Children: Intergenerational Links and Maternal Antecedents","Rainer Drobetz, Andreas Maercker, C. Katharina Spieß, Gert G. Wagner, Simon Forstmeier",2012,"Delay of gratification (DoG) and delay discounting (DD) are behavioral measures of self-regulation and impulsivity. Whereas DoG refers to the postponement of gratification, DD involves the devaluation of a reward over time. Previous studies have demonstrated associations between paternal self-control, paternal personality traits, parenting styles, maternal intelligence, and children’s self-regulation. The present study explored intergenerational links between mothers’ and child’s self-regulation and maternal antecedents of children’s DoG. We analyzed 267 mother-child dyads in the German Socio-Economic Panel (SOEP) Children’s Study. Measures included an experiment using gummy bears as rewards to assess DoG in children and monetary choice procedures to assess DD in mothers. Additionally, cognitive abilities and personality traits of mothers and children were assessed. The main result was that the children’s age and breastfeeding were significant predictors of DoG in children, even when we controlled for other influences such as maternal cognitive abilities and personality traits. We explain the result in the context of previous findings concerning attachment security, bonding, maternal sensitivity, children’s self-regulation of energy intake, neuroscientific evidence, and breastfeeding. Further studies should use equivalent measures of DoG in children and parents to further explore this link between breastfeeding and DoG in a genetically sensitive design.","Rainer Drobetz, Andreas Maercker, C. Katharina Spieß, Gert G. Wagner, Simon Forstmeier. 2012: A Household Study of Self-Regulation in Children: Intergenerational Links and Maternal Antecedents. Swiss Journal of Psychology 71 (4), 215-226","02 SSCI Journal","SOEP-Pretest",,"10.1024/1421-0185/a000090","soep-pretest"
8533,"Quasi-Hyperbolic Time Preferences and their Intergenerational Transmission","Fabian Kosse, Friedhelm Pfeiffer",2013,"This study explores the intergenerational transmission of time preferences and focuses on the question which specific aspects of mother's time preference are related to her preschool child's ability to delay gratification. We provide a new procedure for assessing the parameters of a ""quasi-hyperbolic"" discount function (Laibson, 1997) using two trade-off experiments. We apply the procedure to a sample of 213 mother-child pairs and show that especially mother's beta parameter is related to her preschool child's ability to delay gratification.","Fabian Kosse, Friedhelm Pfeiffer. 2013: Quasi-Hyperbolic Time Preferences and their Intergenerational Transmission. Applied Economics Letters 20 (10), 983-986","02 SSCI Journal","SOEP-Pretest","http://ftp.iza.org/dp7221.pdf","10.1080/13504851.2013.767974","soep-pretest"
8572,"A just gender pay gap? Three factorial survey studies on justice evaluations of earnings for male and female employees","Carsten Sauer",2014,"The study investigates justice evaluations of earnings for male and female employees and links them to the actual inequality people are embedded in. Previous studies in non-reflexive sociological justice research found mixed results. Some studies report a just gender pay gap favoring men; others do not find this gap. This study provides an explanation for these mixed results by combining sociological justice research and status construction theory. Three factorial survey studies were carried out consisting of descriptions of employees with varying characteristics including gender. One study was conducted with social sciences students and two with population samples of German inhabitants. Results show that social sciences students revealed no gender gap in their ratings. In the population surveys, both men and women, showed a rating behavior favoring male employees. The findings indicate that actual inequalities between men and women influence the existence, sign, and size of a just gender pay gap.","Carsten Sauer. 2014: A just gender pay gap? Three factorial survey studies on justice evaluations of earnings for male and female employees. SFB 882 Working Paper Series No. 29. Bielefeld: Universität Bielefeld","30 Discussion Paper","SOEP-Pretest","http://pub.uni-bielefeld.de/download/2691510/2691526",,"soep-pretest"
8692,"Positional income concerns and personality: evidence from Germany","Tim Friehe, Mario Mechtel, Markus Pannenberg",2018,"This paper presents detailed evidence about who compares to whom in terms of relative income. We rely on representative survey data on the importance of income comparisons vis-a-vis seven reference groups, allowing us to exploit within-subject heterogeneity. We explore the prevalence and determinants of positional income concerns, investigating the role of personality and economic preferences. Our results establish robust relationships between positional income concerns and the personality traits agreeableness, conscientiousness, and neuroticism, some of which depend on the reference group. Furthermore, risk and fairness preferences are significantly correlated with positional income concerns.","Tim Friehe, Mario Mechtel, Markus Pannenberg. 2018: Positional income concerns and personality: evidence from Germany. Applied Economics Letters 25 (14), 1024-1028","02 SSCI Journal","SOEP-Pretest",,"10.1080/13504851.2017.1391995","soep-pretest"
9115,"Let Bygones be Bygones? Socialist Regimes and Personalities in Germany","Tim Friehe, Markus Pannenberg, Michael Wedow",2015,"This paper investigates the influence of political regimes on personality, using the separation of Germany into the socialist GDR and the democratic FRG and its reunification in 1990 as a natural experiment. We show that there are significant differences between former GDR and FRG residents regarding important attributes of personality (particularly the locus of control, neuroticism, conscientiousness, and openness). To understand the influence of the GDR's socialist regime on personality, we test an important channel by exploiting regional variation in the number of unofficial state-security collaborators across East German counties. Our results indicate that local surveillance intensity is indeed an important determinant of the personality of former GDR citizens. The differences in personality imply that former citizens of the GDR have economic prospects rather different from former FRG citizens and help to understand behavioral differences established in the prior literature.","Tim Friehe, Markus Pannenberg, Michael Wedow. 2015: Let Bygones be Bygones? Socialist Regimes and Personalities in Germany. SOEPpapers 776. Berlin: DIW Berlin","30 Discussion Paper","SOEP-Pretest","http://www.diw.de/documents/publikationen/73/diw_01.c.511684.de/diw_sp0776.pdf",,"soep-pretest"
10728,"Relations Among Maternal Life Satisfaction, Shared Activities, and Child Well-Being","Nina Richter, Rebecca Bondü, C. Katharina Spieß, Gert G. Wagner, Gisela Trommsdorff",2018,"Maternal well-being is assumed to be associated with well-being of individual family members, optimal parenting practices, and positive developmental outcomes for children. The objective of this study was to examine the interplay between maternal well-being, parent-child activities, and the well-being of 5 to 7-year old children. In a sample of N = 291 mother-child dyads, maternal life satisfaction, the frequency of shared parent-child activities, as well as children’s self-regulation, prosocial behavior, and receptive vocabulary were assessed using several methods. Data were collected in a special study of the Socio-Economic Panel study (SOEP), a representative longitudinal survey of private households in Germany. Using structural equation modeling, significant positive direct and indirect relations between maternal life satisfaction, frequency of shared parent-child activities, children’s self-regulation, prosocial behavior, and receptive vocabulary were found. The more satisfied the mother was, the more she shared activities with her child and the more the child acted prosocially. Furthermore, the higher the frequency of shared parent-child activities, the higher the child scored in all three analyzed indicators of children´s well-being: self-regulation, prosocial behavior, and receptive vocabulary. The current study supports the assumption of maternal well-being as the basis of positive parenting practices and child well-being.","Nina Richter, Rebecca Bondü, C. Katharina Spieß, Gert G. Wagner, Gisela Trommsdorff. 2018: Relations Among Maternal Life Satisfaction, Shared Activities, and Child Well-Being. Frontiers in Psychology 9 (739),","02 SSCI Journal","SOEP-Pretest","https://www.frontiersin.org/article/10.3389/fpsyg.2018.00739","10.3389/fpsyg.2018.00739","soep-pretest"
10919,"Ethnic diversity, poverty and social trust in Germany: Evidence from a behavioral measure of trust","Johanna Gereke, Max Schaub, Delia Baldassarri",2018,"Several scholars have concluded that ethnic diversity has negative consequences for social trust. However, recent research has called into question whether ethnic diversity per se has detrimental effects, or whether lower levels of trust in diverse communities simply reflect a higher concentration of less trusting groups, such as poor people, minorities, or immigrants. Drawing upon a nationally representative sample of the German population (GSOEP), we make two contributions to this debate. First, we examine how ethnic diversity at the neighborhood level–specifically the proportion of immigrants in the neighborhood–is linked to social trust focusing on the compositional effect of poverty. Second, in contrast to the majority of current research on ethnic diversity, we use a behavioral measure of trust in combination with fine-grained (zip-code level) contextual measures of ethnic composition and poverty. Furthermore, we are also able to compare the behavioral measure to a standard attitudinal trust question. We find that household poverty partially accounts for lower levels of trust, and that after controlling for income, German and non-German respondents are equally trusting. However, being surrounded by neighbors with immigrant background is also associated with lower levels of social trust.","Johanna Gereke, Max Schaub, Delia Baldassarri. 2018: Ethnic diversity, poverty and social trust in Germany: Evidence from a behavioral measure of trust. PLOS ONE 13 (7),","01 SCI Journal","SOEP-Pretest","https://doi.org/10.1371/journal.pone.0199834","10.1371/journal.pone.0199834","soep-pretest"
231,"SOEP 1990 – Bericht über eine Vorerhebung für die ""Basiserhebung 1990"" des Sozio-ökonomischen Panels in der DDR (Pretestbericht)","Eckard Priller, Jürgen Schupp",2013,,"Eckard Priller, Jürgen Schupp. 2013: SOEP 1990 – Bericht über eine Vorerhebung für die ""Basiserhebung 1990"" des Sozio-ökonomischen Panels in der DDR (Pretestbericht). SOEP Survey Papers 128: Series C. Berlin: DIW/SOEP","30 Discussion Paper","SOEP-Core Pretest","http://hdl.handle.net/10419/71424",,"soep-pretest"
4003,"SOEP 2004 – Methodenbericht SOEP Online Pilotstudie zum Befragungsjahr 2004 (Welle 21) des Sozio-oekonomischen Panels","TNS Infratest Sozialforschung",2011,,"TNS Infratest Sozialforschung. 2011: SOEP 2004 – Methodenbericht SOEP Online Pilotstudie zum Befragungsjahr 2004 (Welle 21) des Sozio-oekonomischen Panels. SOEP Survey Papers 50: Series B. Berlin: DIW/SOEP","36 Infratest Report","Pretest","http://hdl.handle.net/10419/80402",,"soep-pretest"
4555,"SOEP 2007 – Methodenbericht CAPI-Innovationsbefragung zum Befragungsjahr 2007 (Welle 24) des Sozio-oekonomischen Panels – „Persönlichkeit und Gesundheit""","TNS Infratest Sozialforschung",2011,,"TNS Infratest Sozialforschung. 2011: SOEP 2007 – Methodenbericht CAPI-Innovationsbefragung zum Befragungsjahr 2007 (Welle 24) des Sozio-oekonomischen Panels – „Persönlichkeit und Gesundheit"". SOEP Survey Papers 63: Series B. Berlin: DIW/SOEP","36 Infratest Report","Pretest","http://hdl.handle.net/10419/80378",,"soep-pretest"
6469,"Determinanten kindlicher Geduld - Ergebnisse einer Experimentalstudie im Haushaltskontext","Björn Bartling, Ernst Fehr, Barbara Fischer, Fabian Kosse, Michel André Maréchal, Friedhelm Pfeiffer, Daniel Schunk, Jürgen Schupp, C. Katharina Spieß, Gert G. Wagner",2010,"Patience as a basis for life success is not just a question of biology and heredity: Rather, the early interaction between parent and child and socialization in early childhood appear to be the “cradle of action” in the area of time preferences as well. In this study, we use an experimental dataset collected in the framework of the longitudinal German Socio-Economic Panel (SOEP) study to investigate possible determinants of “delayed gratification” in children between the ages of five and six (referred to in the article as “patience in children”). Our results clearly show that better verbal skills and patience in children are positively correlated. The finding is also an indication that patience in children is of importance later in life as well. Gender, the number of children in the household, household income, and school attendance show no empirical association with patience. However, the results suggest that a more patient mother and a longer period of breast-feeding during infancy increase the probability of the child being patient.","Björn Bartling, Ernst Fehr, Barbara Fischer, Fabian Kosse, Michel André Maréchal, Friedhelm Pfeiffer, Daniel Schunk, Jürgen Schupp, C. Katharina Spieß, Gert G. Wagner. 2010: Determinanten kindlicher Geduld - Ergebnisse einer Experimentalstudie im Haushaltskontext. Schmollers Jahrbuch 130 (3), 297-323","03 Refereed Journal","SOEP, Pretest 2008 , SOEP-Core","http://www.diw.de/documents/publikationen/73/100060/diw_sp0203.pdf",,"soep-pretest"
7488,"Lebensstile","Gunnar Otte",2013,,"Gunnar Otte. 2013: Lebensstile, in Steffen Mau;Nadine M. Schöneck (ed^.), Handwörterbuch zur Gesellschaft Deutschlands (Band 1, 3.,grundlegend überarbeitete Auflage). Wiesbaden: Springer VS. 538-551","20 Book Section","SOEP-Pretest",,,"soep-pretest"
7830,"SOEP 2007 – Methodenbericht Online-Befragung zum Befragungsjahr 2007 (Welle 24) des Sozio-oekonomischen Panels - „Privatleben und Gemeinschaft""","TNS Infratest Sozialforschung",2011,,"TNS Infratest Sozialforschung. 2011: SOEP 2007 – Methodenbericht Online-Befragung zum Befragungsjahr 2007 (Welle 24) des Sozio-oekonomischen Panels - „Privatleben und Gemeinschaft"". SOEP Survey Papers 65: Series B. Berlin: DIW/SOEP","36 Infratest Report","Pretest","http://hdl.handle.net/10419/80385",,"soep-pretest"
7833,"SOEP 2008 – Methodenbericht zur Testerhebung 2008 des Sozio-oekonomischen Panels - ""Persönlichkeit, Gerechtigkeitsempfinden und Alltagsstimmung""","TNS Infratest Sozialforschung",2012,,"TNS Infratest Sozialforschung. 2012: SOEP 2008 – Methodenbericht zur Testerhebung 2008 des Sozio-oekonomischen Panels - ""Persönlichkeit, Gerechtigkeitsempfinden und Alltagsstimmung"". SOEP Survey Papers 69: Series B. Berlin: DIW/SOEP","36 Infratest Report","Pretest","http://hdl.handle.net/10419/61594",,"soep-pretest"
7932,"SOEP 2009 – Methodenbericht zur Testerhebung 2009 des Sozio-oekonomischen Panels - „Die Messung genetischer Grundlagen von Alltagsentscheidungen unter Surveybedingungen""","TNS Infratest Sozialforschung",2012,,"TNS Infratest Sozialforschung. 2012: SOEP 2009 – Methodenbericht zur Testerhebung 2009 des Sozio-oekonomischen Panels - „Die Messung genetischer Grundlagen von Alltagsentscheidungen unter Surveybedingungen"". SOEP Survey Papers 72: Series B. Berlin: DIW/SOEP","36 Infratest Report","Pretest","http://hdl.handle.net/10419/61587",,"soep-pretest"
7935,"SOEP 2010 – Methodenbericht zur Testerhebung 2010 des Sozio-oekonomischen Panels - „Soziale Netzwerke, ökonomische Suchtheorie und weitere Innovationsmodule""","TNS Infratest Sozialforschung",2012,,"TNS Infratest Sozialforschung. 2012: SOEP 2010 – Methodenbericht zur Testerhebung 2010 des Sozio-oekonomischen Panels - „Soziale Netzwerke, ökonomische Suchtheorie und weitere Innovationsmodule"". SOEP Survey Papers 76: Series B. Berlin: DIW/SOEP","36 Infratest Report","Pretest","http://hdl.handle.net/10419/61565",,"soep-pretest"
7964,"SOEP 2011 – Methodenbericht zur Testerhebung 2011 des Sozio-oekonomischen Panels - ""Gender Stereotypen, Finanzen und weitere Innovationsmodule""","TNS Infratest Sozialforschung",2012,,"TNS Infratest Sozialforschung. 2012: SOEP 2011 – Methodenbericht zur Testerhebung 2011 des Sozio-oekonomischen Panels - ""Gender Stereotypen, Finanzen und weitere Innovationsmodule"". SOEP Survey Papers 110: Series B. Berlin: DIW/SOEP","36 Infratest Report","Pretest","http://hdl.handle.net/10419/67398",,"soep-pretest"
9677,"Organspendebereitschaft in Deutschland: Eine Untersuchung allgemeiner und individueller Einflussfaktoren","Hua-Jing Han",2015,,"Hua-Jing Han. 2015: Organspendebereitschaft in Deutschland: Eine Untersuchung allgemeiner und individueller Einflussfaktoren. Bonn: Rheinische Friedrich-Wilhelms-Universität Bonn","41 B.A./M.A. Thesis","SOEP-Pretest",,,"soep-pretest"
30,"SOEP 1985 – Pretestbericht zum Befragungsjahr 1985 (Welle 2) des Sozio-oekonomischen Panels (Zwischenbericht)","Infratest Sozialforschung",2011,,"Infratest Sozialforschung. 2011: SOEP 1985 – Pretestbericht zum Befragungsjahr 1985 (Welle 2) des Sozio-oekonomischen Panels (Zwischenbericht). SOEP Survey Papers 4. Series B. Berlin: DIW/SOEP","36 Infratest Report","Pretest","http://hdl.handle.net/10419/80365",,"soep-pretest"
62,"SOEP 1984 – Pretestbericht und Tabellen zum Befragungsjahr 1984 (Welle 1) des Sozio-oekonomischen Panels (vorläufige Fassung)","Infratest Sozialforschung Das Sozio-oekonomische Panel (SOEP)",2011,,"Infratest Sozialforschung Das Sozio-oekonomische Panel (SOEP). 2011: SOEP 1984 – Pretestbericht und Tabellen zum Befragungsjahr 1984 (Welle 1) des Sozio-oekonomischen Panels (vorläufige Fassung). SOEP Survey Papers 2: Series B. Berlin: DIW/SOEP","36 Infratest Report","Pretest","http://hdl.handle.net/10419/80379",,"soep-pretest"
1743,"SOEP 1999 – Pretestbericht zum Befragungsjahr 1999 (Welle 16) des Sozio-oekonomischen Panels","Infratest Burke Sozialforschung",2011,,"Infratest Burke Sozialforschung. 2011: SOEP 1999 – Pretestbericht zum Befragungsjahr 1999 (Welle 16) des Sozio-oekonomischen Panels. SOEP Survey Papers 35: Series B. Infratest Burke Sozialforschung","36 Infratest Report","Pretest","http://hdl.handle.net/10419/80387",,"soep-pretest"
1320,"SOEP 1997 – Pretestbericht zum Befragungsjahr 1997 (Welle 14/West und Welle 8/Ost) des Sozio-oekonomischen Panels","Infratest Burke Sozialforschung",2013,,"Infratest Burke Sozialforschung. 2013: SOEP 1997 – Pretestbericht zum Befragungsjahr 1997 (Welle 14/West und Welle 8/Ost) des Sozio-oekonomischen Panels. SOEP Survey Papers 134: Series B. Berlin: DIW/SOEP","36 Infratest Report","Pretest","http://hdl.handle.net/10419/75404",,"soep-pretest"
686,"SOEP 1993 – Pretestbericht zum Befragungsjahr 1993 (Welle 10) des Sozio-oekonomischen Panels (Testerhebungen)","Infratest Sozialforschung",1993,,"Infratest Sozialforschung. 1993: SOEP 1993 – Pretestbericht zum Befragungsjahr 1993 (Welle 10) des Sozio-oekonomischen Panels (Testerhebungen). SOEP Survey Papers 22: Series B. Berlin: DIW/SOEP","36 Infratest Report","Pretest","http://hdl.handle.net/10419/80414",,"soep-pretest"
32,"SOEP 1986 – Pretestbericht zum Befragungsjahr 1986 (Welle 3) des Sozio-oekonomischen Panels (Zwischenbericht)","Infratest Sozialforschung",2011,,"Infratest Sozialforschung. 2011: SOEP 1986 – Pretestbericht zum Befragungsjahr 1986 (Welle 3) des Sozio-oekonomischen Panels (Zwischenbericht). SOEP Survey Papers 6: Series B. Berlin: DIW/SOEP","36 Infratest Report","Pretest","http://hdl.handle.net/10419/80403",,"soep-pretest"
36,"SOEP 1988 – Pre-Pretestbericht zum Befragungsjahr 1988 (Welle 5) des Sozio-oekonomischen Panels (Erfahrungsbericht)","Infratest Sozialforschung",2011,,"Infratest Sozialforschung. 2011: SOEP 1988 – Pre-Pretestbericht zum Befragungsjahr 1988 (Welle 5) des Sozio-oekonomischen Panels (Erfahrungsbericht). SOEP Survey Papers 11: Series B. Berlin: DIW/SOEP","36 Infratest Report","Pretest","http://hdl.handle.net/10419/80366",,"soep-pretest"
37,"SOEP 1988 – Pretestbericht zum Befragungsjahr 1988 (Welle 5) des Sozio-oekonomischen Panels (Zwischenbericht)","Infratest Sozialforschung",2011,,"Infratest Sozialforschung. 2011: SOEP 1988 – Pretestbericht zum Befragungsjahr 1988 (Welle 5) des Sozio-oekonomischen Panels (Zwischenbericht). SOEP Survey Papers 10: Series B. Berlin: DIW/SOEP","36 Infratest Report","Pretest","http://hdl.handle.net/10419/80395",,"soep-pretest"
161,"SOEP 1990 – Pretestbericht ""Zeitverwendung und -präferenzen"" zum Befragungsjahr 1990 (Welle 7) des Sozio-oekonomischen Panels (Vorerhebung)","Infratest Sozialforschung",2011,,"Infratest Sozialforschung. 2011: SOEP 1990 – Pretestbericht ""Zeitverwendung und -präferenzen"" zum Befragungsjahr 1990 (Welle 7) des Sozio-oekonomischen Panels (Vorerhebung). SOEP Survey Papers 17: Series B. Berlin: DIW/SOEP","36 Infratest Report","Pretest","http://hdl.handle.net/10419/80391",,"soep-pretest"
169,"SOEP 1989 – Pretestbericht zum Befragungsjahr 1989 (Welle 6) des Sozio-oekonomischen Panels (Zwischenbericht)","Infratest Sozialforschung",2011,,"Infratest Sozialforschung. 2011: SOEP 1989 – Pretestbericht zum Befragungsjahr 1989 (Welle 6) des Sozio-oekonomischen Panels (Zwischenbericht). SOEP Survey Papers 12: Series B. Berlin: DIW/SOEP","36 Infratest Report","Pretest","http://hdl.handle.net/10419/80399",,"soep-pretest"
188,"SOEP 1990 – Pretestbericht zum Befragungsjahr 1990 (Welle 7) des Sozio-oekonomischen Panels","Infratest Sozialforschung",2011,,"Infratest Sozialforschung. 2011: SOEP 1990 – Pretestbericht zum Befragungsjahr 1990 (Welle 7) des Sozio-oekonomischen Panels. SOEP Survey Papers 15: Series B. Berlin: DIW/SOEP","36 Infratest Report","Pretest","http://hdl.handle.net/10419/80413",,"soep-pretest"
227,"SOEP 1991 – Pretestbericht ""Familie und Unterstützungsleistungen"" zum Befragungsjahr 1991 (Welle 8) des Sozio-oekonomischen Panels (Fragebogentest)","Infratest Sozialforschung",2011,,"Infratest Sozialforschung. 2011: SOEP 1991 – Pretestbericht ""Familie und Unterstützungsleistungen"" zum Befragungsjahr 1991 (Welle 8) des Sozio-oekonomischen Panels (Fragebogentest). SOEP Survey Papers 20: Series B. Berlin: DIW/SOEP","36 Infratest Report","Pretest","http://hdl.handle.net/10419/80417",,"soep-pretest"
281,"SOEP 1991 – Pretestbericht zum Befragungsjahr 1991 (Welle 8) des Sozio-oekonomischen Panels","Infratest Sozialforschung",2011,,"Infratest Sozialforschung. 2011: SOEP 1991 – Pretestbericht zum Befragungsjahr 1991 (Welle 8) des Sozio-oekonomischen Panels. SOEP Survey Papers 19: Series B. Berlin: DIW/SOEP","36 Infratest Report","Pretest","http://hdl.handle.net/10419/80364",,"soep-pretest"
644,"SOEP 1993 – Pretestbericht zum Befragungsjahr 1993 (Welle 10) des Sozio-oekonomischen Panels","Infratest Sozialforschung",2011,,"Infratest Sozialforschung. 2011: SOEP 1993 – Pretestbericht zum Befragungsjahr 1993 (Welle 10) des Sozio-oekonomischen Panels. SOEP Survey Papers 24: Series B. Berlin: DIW/SOEP","36 Infratest Report","Pretest","http://hdl.handle.net/10419/80370",,"soep-pretest"
1140,"SOEP 1996 – Pretestbericht Personenfragebogen 1 und Personenfragebogen 2 zum Befragungsjahr 1996 (Welle 13) des Sozio-oekonomischen Panels","Infratest Sozialforschung",2011,,"Infratest Sozialforschung. 2011: SOEP 1996 – Pretestbericht Personenfragebogen 1 und Personenfragebogen 2 zum Befragungsjahr 1996 (Welle 13) des Sozio-oekonomischen Panels. SOEP Survey Papers 30: Series B. Berlin: DIW/SOEP","36 Infratest Report","Pretest","http://hdl.handle.net/10419/80408",,"soep-pretest"
2432,"SOEP 2002 – Pretestbericht Feasibility Study zum Befragungsjahr 2002 (Welle 19) des Sozio-oekonomischen Panels (1. Zwischenbericht)","Infratest Sozialforschung",2011,,"Infratest Sozialforschung. 2011: SOEP 2002 – Pretestbericht Feasibility Study zum Befragungsjahr 2002 (Welle 19) des Sozio-oekonomischen Panels (1. Zwischenbericht). SOEP Survey Papers 40: Series B. Berlin: DIW/SOEP","36 Infratest Report","Pretest","http://hdl.handle.net/10419/80382",,"soep-pretest"
2467,"SOEP 2002 – Pretestbericht Feasibility Study zum Befragungsjahr 2002 (Welle 19) des Sozio-oekonomischen Panels (2. Zwischenbericht)","Infratest Sozialforschung",2011,,"Infratest Sozialforschung. 2011: SOEP 2002 – Pretestbericht Feasibility Study zum Befragungsjahr 2002 (Welle 19) des Sozio-oekonomischen Panels (2. Zwischenbericht). SOEP Survey Papers 41. Series B. Berlin: DIW/SOEP","36 Infratest Report","Pretest","http://hdl.handle.net/10419/80377",,"soep-pretest"
2494,"SOEP 2002 – Pretestbericht Feasibility Study zum Befragungsjahr 2002 (Welle 19) des Sozio-oekonomischen Panels (3. Bericht)","Infratest Sozialforschung",2011,,"Infratest Sozialforschung. 2011: SOEP 2002 – Pretestbericht Feasibility Study zum Befragungsjahr 2002 (Welle 19) des Sozio-oekonomischen Panels (3. Bericht). SOEP Survey Papers 42: Series B. Berlin: DIW/SOEP","36 Infratest Report","Pretest","http://hdl.handle.net/10419/80368",,"soep-pretest"
4010,"SOEP 2003 – Erweiterter Pretestbericht zum Befragungsjahr 2003 (Welle 20) des Sozio-oekonomischen Panels - Fragebogen und Verhaltensexperiment","Infratest Sozialforschung",2011,,"Infratest Sozialforschung. 2011: SOEP 2003 – Erweiterter Pretestbericht zum Befragungsjahr 2003 (Welle 20) des Sozio-oekonomischen Panels - Fragebogen und Verhaltensexperiment. SOEP Survey Papers 48: Series B. Berlin: DIW/SOEP","36 Infratest Report","Pretest","http://hdl.handle.net/10419/80361",,"soep-pretest"
439,"SOEP 1992 – Pretestbericht zum Befragungsjahr 1992 (Welle 9/West und Welle 3/Ost) des Sozio-oekonomischen Panels","Infratest Sozialforschung",2013,,"Infratest Sozialforschung. 2013: SOEP 1992 – Pretestbericht zum Befragungsjahr 1992 (Welle 9/West und Welle 3/Ost) des Sozio-oekonomischen Panels. SOEP Survey Papers 133: Series B. Berlin: DIW/SOEP","36 Infratest Report","Pretest","http://hdl.handle.net/10419/72583",,"soep-pretest"
34,"SOEP 1987 – Pretestbericht zum Befragungsjahr 1987 (Welle 4) des Sozio-oekonomischen Panels (Zwischenbericht)","Infratest Sozialforschung",2013,,"Infratest Sozialforschung. 2013: SOEP 1987 – Pretestbericht zum Befragungsjahr 1987 (Welle 4) des Sozio-oekonomischen Panels (Zwischenbericht). SOEP Survey Papers 142: Series B. Berlin: DIW/SOEP","36 Infratest Report","Pretest","http://hdl.handle.net/10419/81135",,"soep-pretest"
4002,"SOEP 2005 – Erweiterter Pretestbericht zum Befragungsjahr 2005 (Welle 22) des Sozio-oekonomischen Panels - „Persönlichkeit und Politik"" und Verhaltensexperiment","TNS Infratest Sozialforschung",2011,,"TNS Infratest Sozialforschung. 2011: SOEP 2005 – Erweiterter Pretestbericht zum Befragungsjahr 2005 (Welle 22) des Sozio-oekonomischen Panels - „Persönlichkeit und Politik"" und Verhaltensexperiment. SOEP Survey Papers 53: Series B. Berlin: DIW/SOEP","36 Infratest Report","Pretest","http://hdl.handle.net/10419/80362",,"soep-pretest"
4004,"SOEP 2006 – Pretestbericht zum Befragungsjahr 2006 (Welle 23) des Sozio-oekonomischen Panels - „Persönlichkeit und Alltag""","TNS Infratest Sozialforschung",2011,,"TNS Infratest Sozialforschung. 2011: SOEP 2006 – Pretestbericht zum Befragungsjahr 2006 (Welle 23) des Sozio-oekonomischen Panels - „Persönlichkeit und Alltag"". SOEP Survey Papers 58: Series B. Berlin: DIW/SOEP","36 Infratest Report","Pretest","http://hdl.handle.net/10419/80383",,"soep-pretest"
4005,"SOEP 2006 – Pretestbericht zum Befragungsjahr 2006 (Welle 23) des Sozio-oekonomischen Panels - „Jugend""","TNS Infratest Sozialforschung",2011,,"TNS Infratest Sozialforschung. 2011: SOEP 2006 – Pretestbericht zum Befragungsjahr 2006 (Welle 23) des Sozio-oekonomischen Panels - „Jugend"". SOEP Survey Papers 60: Series B. Berlin: DIW/SOEP","36 Infratest Report","Pretest","http://hdl.handle.net/10419/80380",,"soep-pretest"
4039,"SOEP 2005 – Pretestbericht zum Befragungsjahr 2005 (Welle 22) des Sozio-oekonomischen Panels - „Mutter und Kind 2""","TNS Infratest Sozialforschung",2011,,"TNS Infratest Sozialforschung. 2011: SOEP 2005 – Pretestbericht zum Befragungsjahr 2005 (Welle 22) des Sozio-oekonomischen Panels - „Mutter und Kind 2"". SOEP Survey Papers 54: Series B. Berlin: DIW/SOEP","36 Infratest Report","Pretest","http://hdl.handle.net/10419/80372",,"soep-pretest"
5356,"SOEP 2007 – Pretestbericht zum Befragungsjahr 2007 (Welle 24) des Sozio-oekonomischen Panels - „Persönlichkeit und Gemeinschaft""","TNS Infratest Sozialforschung",2011,,"TNS Infratest Sozialforschung. 2011: SOEP 2007 – Pretestbericht zum Befragungsjahr 2007 (Welle 24) des Sozio-oekonomischen Panels - „Persönlichkeit und Gemeinschaft"". SOEP Survey Papers 59: Series B. Berlin: DIW/SOEP","36 Infratest Report","Pretest","http://hdl.handle.net/10419/80375",,"soep-pretest"
7829,"SOEP 2008 – Pretestbericht  zum Befragungsjahr 2008 (Welle 25) des Sozio-oekonomischen Panels - „Ihr Kind im Vorschulalter""","TNS Infratest Sozialforschung",2011,,"TNS Infratest Sozialforschung. 2011: SOEP 2008 – Pretestbericht  zum Befragungsjahr 2008 (Welle 25) des Sozio-oekonomischen Panels - „Ihr Kind im Vorschulalter"". SOEP Survey Papers 64: Series B. Berlin: DIW/SOEP","36 Infratest Report","Pretest","http://hdl.handle.net/10419/80358",,"soep-pretest"
7831,"SOEP 2008 – Pretestbericht zum Befragungsjahr 2008 (Welle 25) des Sozio-oekonomischen Panels – ""Kompetenz- und Verhaltenstests mit Kindern im Vorschulalter in Kindertageseinrichtungen""","TNS Infratest Sozialforschung",2012,,"TNS Infratest Sozialforschung. 2012: SOEP 2008 – Pretestbericht zum Befragungsjahr 2008 (Welle 25) des Sozio-oekonomischen Panels – ""Kompetenz- und Verhaltenstests mit Kindern im Vorschulalter in Kindertageseinrichtungen"". SOEP Survey Papers 67: Series B. Berlin: DIW/SOEP","36 Infratest Report","Pretest","http://hdl.handle.net/10419/61592",,"soep-pretest"
7832,"SOEP 2008 – Pretestbericht zum Befragungsjahr 2008 (Welle 25) des Sozio-oekonomischen Panels – „Kompetenz- und Verhaltenstests mit Kindern im Vorschulalter unter Surveybedingungen“","TNS Infratest Sozialforschung",2012,,"TNS Infratest Sozialforschung. 2012: SOEP 2008 – Pretestbericht zum Befragungsjahr 2008 (Welle 25) des Sozio-oekonomischen Panels – „Kompetenz- und Verhaltenstests mit Kindern im Vorschulalter unter Surveybedingungen“. SOEP Survey Papers 68: Series B. Berlin: DIW/SOEP","36 Infratest Report","Pretest","http://hdl.handle.net/10419/61580",,"soep-pretest"
7931,"SOEP 2009 – Pretestbericht zum Befragungsjahr 2009 (Welle 26) des Sozio-oekonomischen Panels – „Kompetenz- und Verhaltenstests mit institutionell betreuten Kindern im Vorschulalter""","TNS Infratest Sozialforschung",2012,,"TNS Infratest Sozialforschung. 2012: SOEP 2009 – Pretestbericht zum Befragungsjahr 2009 (Welle 26) des Sozio-oekonomischen Panels – „Kompetenz- und Verhaltenstests mit institutionell betreuten Kindern im Vorschulalter"". SOEP Survey Papers 71: Series B. Berlin: DIW/SOEP","36 Infratest Report","Pretest","http://hdl.handle.net/10419/61569",,"soep-pretest"
7933,"SOEP 2009 – Pretestbericht zum Befragungsjahr 2009 (Welle 26) des Sozio-oekonomischen Panels – Haushaltsbilanz „Konsum“, „Krebsszenarien“ und sonstige Innovationsmodule","TNS Infratest Sozialforschung",2012,,"TNS Infratest Sozialforschung. 2012: SOEP 2009 – Pretestbericht zum Befragungsjahr 2009 (Welle 26) des Sozio-oekonomischen Panels – Haushaltsbilanz „Konsum“, „Krebsszenarien“ und sonstige Innovationsmodule. SOEP Survey Papers 74: Series B. Berlin: DIW/SOEP","36 Infratest Report","Pretest","http://hdl.handle.net/10419/61585",,"soep-pretest"
4006,"SOEP 2004 – Erweiterter Pretestbericht zum Befragungsjahr 2004 (Welle 21) des Sozio-oekonomischen Panels - Fragebogen und Verhaltensexperiment","Infratest Sozialforschung",2011,,"Infratest Sozialforschung. 2011: SOEP 2004 – Erweiterter Pretestbericht zum Befragungsjahr 2004 (Welle 21) des Sozio-oekonomischen Panels - Fragebogen und Verhaltensexperiment. SOEP Survey Papers 51: Series B. Berlin: DIW/SOEP","36 Infratest Report","Pretest","http://hdl.handle.net/10419/80394",,"soep-pretest"
